{
  "mean": [
    141.70145475761316,
    141.6584011870327,
    11.968783808859998,
    0.05844643520464791,
    141.61234552462335,
    18.349996188463734,
    0.00943425738916371,
    0.008858951787875314,
    0.8478776026688141,
    5.087265616012883,
    4.481490854710685,
    0.8484489435944621,
    0.09893017370297941,
    0.5935810422178764,
    0.5931209018750719,
    0.09893017370297932,
    14.409906969603805,
    86.4036114560295,
    26.170770189235935,
    14.401025621903926,
    -0.016025617839862626,
    -0.00523274955079081,
    0.05952579428897981,
    0.03359847582549415,
    11.605659726216496,
    2.851029564017025
  ],
  "scale": [
    49.216371106284136,
    46.75854408401128,
    9.495240777281776,
    40.13919358808306,
    47.93614688022167,
    17.254079946828945,
    6.093684306800691,
    5.513002220272052,
    6.388173831980771,
    16.905256865435515,
    14.575087642476463,
    2.818210236423708,
    0.964271435197569,
    2.3011788530888264,
    2.2986966990947293,
    0.38352980884810917,
    17.940642129198427,
    82.55889449991443,
    24.711800258235023,
    13.75946432762362,
    0.7048211937885456,
    0.7091846605020904,
    0.7135324848720664,
    0.6972798686816893,
    6.9140272871991035,
    1.9933192019496166
  ],
  "n_features": 26
}