{"min": [48.0, 40.000001, 0.0, 0.0], "max": [167.0, 40.000001, 82.1553537860426, 425.0184755492771]}