{
  "mean": [
    141.70145475761316,
    141.6584011870327,
    11.968783808859998,
    141.61234552462335,
    18.349996188463734,
    0.010699821930288749,
    0.010009469717818938,
    0.009242481946316954,
    0.008513817136144027,
    0.0013807044249397173,
    0.025157992068100665,
    0.8478776026688141,
    7.630898424019326,
    6.51321753134706,
    0.8491181556406427,
    0.0,
    0.09893017370297941,
    0.8903715633268147,
    0.8883009317841942,
    0.09893017370297924,
    0.0,
    14.409906969603805,
    129.55700658547858,
    29.166036886546852,
    14.39604723510968,
    0.003259327428198937,
    -0.016025617839862626,
    -0.00523274955079081,
    0.05952579428897981,
    0.03359847582549415,
    11.605659726216496,
    2.851029564017025
  ],
  "scale": [
    49.216371106284136,
    46.75854408401128,
    9.495240777281776,
    47.93614688022167,
    17.254079946828945,
    6.093106252347812,
    5.512473203387194,
    5.14157941153978,
    4.83831176951339,
    5.191229224513851,
    14.428821730628384,
    6.388173831980771,
    20.785846479269377,
    17.34483617447776,
    2.3109981852883075,
    8.699449599205423,
    0.964271435197569,
    2.7758909327414556,
    2.7675907011017755,
    0.30843232586016556,
    1.370843959031736,
    17.940642129198427,
    118.81792215406149,
    26.53631824885034,
    13.201242244171052,
    17.067734353791966,
    0.7048211937885456,
    0.7091846605020904,
    0.7135324848720664,
    0.6972798686816893,
    6.9140272871991035,
    1.9933192019496166
  ],
  "n_features": 32,
  "model_type": "change_based_prediction"
}